{"batch_size": 116.04427128566002, "n_topics": 6.057992593988337, "survival_loss_weight": 3.2403583927624267}