{"lambda_": 0.010496032371653145, "n_components": 442.0165581783308}