{"batch_size": 53.373738647730036, "n_topics":2, "survival_loss_weight": 4.419003588961231}