{"max_features": 15.119848625959246, "min_samples_leaf": 24.987342791215568}