{"n_components": 55.74954471922032, "n_neighbors": 935.3005616522661}